product,orders,revenue,profit,avg_rating,problem_share,avg_response_hours,return_share,nps
Редуктор R-8,762,109816358,24175846,4.072178477690288,0.3700787401574803,15.254593175853019,0.05905511811023622,16.0
Компрессор А-120,957,222571551,62223596,4.099268547544409,0.3667711598746082,15.571577847439917,0.05642633228840126,19.0
Контроллер C-9,433,43249378,14693531,4.159353348729792,0.3071593533487298,15.48960739030023,0.03464203233256351,23.0
Датчик D-17,588,17768496,6418752,4.144557823129252,0.28401360544217685,14.239795918367347,0.03571428571428571,22.0
Фильтр F-30,476,20030953,6210439,4.260504201680672,0.25630252100840334,14.239495798319327,0.03361344537815126,31.0
Клапан V-12,431,25848011,7511960,4.301624129930395,0.22505800464037123,14.067285382830626,0.025522041763341066,35.0
Насос Н-45,758,85253093,20413118,4.273087071240106,0.22427440633245382,13.771767810026386,0.03430079155672823,34.0
Электродвигатель E-55,590,110962987,28825152,4.291525423728814,0.21525423728813559,13.947457627118643,0.030508474576271188,34.0
